{
  "classification_report": {
    "0": {
      "precision": 0.9970839936608558,
      "recall": 0.9994281357224553,
      "f1-score": 0.9982546885412369,
      "support": 15738.0
    },
    "1": {
      "precision": 0.9988789237668162,
      "recall": 1.0,
      "f1-score": 0.9994391475042064,
      "support": 891.0
    },
    "2": {
      "precision": 0.9954212454212454,
      "recall": 0.9954212454212454,
      "f1-score": 0.9954212454212454,
      "support": 1092.0
    },
    "3": {
      "precision": 1.0,
      "recall": 0.2857142857142857,
      "f1-score": 0.4444444444444445,
      "support": 14.0
    },
    "5": {
      "precision": 0.0,
      "recall": 0.0,
      "f1-score": 0.0,
      "support": 9.0
    },
    "6": {
      "precision": 0.0,
      "recall": 0.0,
      "f1-score": 0.0,
      "support": 5.0
    },
    "8": {
      "precision": 1.0,
      "recall": 0.9795918367346939,
      "f1-score": 0.9896907216494846,
      "support": 49.0
    },
    "9": {
      "precision": 1.0,
      "recall": 0.9696969696969697,
      "f1-score": 0.9846153846153847,
      "support": 33.0
    },
    "10": {
      "precision": 0.996875,
      "recall": 0.9906832298136646,
      "f1-score": 0.9937694704049845,
      "support": 1288.0
    },
    "11": {
      "precision": 1.0,
      "recall": 0.9722222222222222,
      "f1-score": 0.9859154929577464,
      "support": 72.0
    },
    "12": {
      "precision": 0.9545454545454546,
      "recall": 0.9767441860465116,
      "f1-score": 0.9655172413793104,
      "support": 43.0
    },
    "13": {
      "precision": 0.972972972972973,
      "recall": 0.9,
      "f1-score": 0.935064935064935,
      "support": 40.0
    },
    "accuracy": 0.9969388813946248,
    "macro avg": {
      "precision": 0.8263147991972789,
      "recall": 0.7557918426143374,
      "f1-score": 0.7743443976652481,
      "support": 19274.0
    },
    "weighted avg": {
      "precision": 0.9962150247366999,
      "recall": 0.9969388813946248,
      "f1-score": 0.9964264177710945,
      "support": 19274.0
    }
  },
  "confusion_matrix": [
    [
      15729,
      0,
      5,
      0,
      0,
      0,
      0,
      0,
      3,
      0,
      0,
      1
    ],
    [
      0,
      891,
      0,
      0,
      0,
      0,
      0,
      0,
      0,
      0,
      0,
      0
    ],
    [
      3,
      1,
      1087,
      0,
      0,
      0,
      0,
      0,
      1,
      0,
      0,
      0
    ],
    [
      10,
      0,
      0,
      4,
      0,
      0,
      0,
      0,
      0,
      0,
      0,
      0
    ],
    [
      9,
      0,
      0,
      0,
      0,
      0,
      0,
      0,
      0,
      0,
      0,
      0
    ],
    [
      5,
      0,
      0,
      0,
      0,
      0,
      0,
      0,
      0,
      0,
      0,
      0
    ],
    [
      1,
      0,
      0,
      0,
      0,
      0,
      48,
      0,
      0,
      0,
      0,
      0
    ],
    [
      1,
      0,
      0,
      0,
      0,
      0,
      0,
      32,
      0,
      0,
      0,
      0
    ],
    [
      12,
      0,
      0,
      0,
      0,
      0,
      0,
      0,
      1276,
      0,
      0,
      0
    ],
    [
      2,
      0,
      0,
      0,
      0,
      0,
      0,
      0,
      0,
      70,
      0,
      0
    ],
    [
      1,
      0,
      0,
      0,
      0,
      0,
      0,
      0,
      0,
      0,
      42,
      0
    ],
    [
      2,
      0,
      0,
      0,
      0,
      0,
      0,
      0,
      0,
      0,
      2,
      36
    ]
  ],
  "roc_auc": null,
  "accuracy": 0.9969388813946248,
  "total_samples": 19274
}