{
  "classification_report": {
    "0": {
      "precision": 0.9983500444218809,
      "recall": 0.9996187571483035,
      "f1-score": 0.9989839979679959,
      "support": 15738.0
    },
    "1": {
      "precision": 1.0,
      "recall": 1.0,
      "f1-score": 1.0,
      "support": 891.0
    },
    "2": {
      "precision": 0.9963269054178145,
      "recall": 0.9935897435897436,
      "f1-score": 0.994956441999083,
      "support": 1092.0
    },
    "3": {
      "precision": 1.0,
      "recall": 0.5714285714285714,
      "f1-score": 0.7272727272727273,
      "support": 14.0
    },
    "5": {
      "precision": 0.5,
      "recall": 0.2222222222222222,
      "f1-score": 0.30769230769230765,
      "support": 9.0
    },
    "6": {
      "precision": 0.0,
      "recall": 0.0,
      "f1-score": 0.0,
      "support": 5.0
    },
    "8": {
      "precision": 0.9795918367346939,
      "recall": 0.9795918367346939,
      "f1-score": 0.9795918367346939,
      "support": 49.0
    },
    "9": {
      "precision": 1.0,
      "recall": 0.9696969696969697,
      "f1-score": 0.9846153846153847,
      "support": 33.0
    },
    "10": {
      "precision": 0.9976762199845082,
      "recall": 1.0,
      "f1-score": 0.9988367584335014,
      "support": 1288.0
    },
    "11": {
      "precision": 1.0,
      "recall": 1.0,
      "f1-score": 1.0,
      "support": 72.0
    },
    "12": {
      "precision": 1.0,
      "recall": 0.9767441860465116,
      "f1-score": 0.988235294117647,
      "support": 43.0
    },
    "13": {
      "precision": 1.0,
      "recall": 0.95,
      "f1-score": 0.9743589743589743,
      "support": 40.0
    },
    "accuracy": 0.9981321988170593,
    "macro avg": {
      "precision": 0.8726620838799081,
      "recall": 0.8052410239055846,
      "f1-score": 0.8295453102660263,
      "support": 19274.0
    },
    "weighted avg": {
      "precision": 0.9977445756546572,
      "recall": 0.9981321988170593,
      "f1-score": 0.9978684327493227,
      "support": 19274.0
    }
  },
  "confusion_matrix": [
    [
      15732,
      0,
      4,
      0,
      1,
      0,
      1,
      0,
      0,
      0,
      0,
      0
    ],
    [
      0,
      891,
      0,
      0,
      0,
      0,
      0,
      0,
      0,
      0,
      0,
      0
    ],
    [
      4,
      0,
      1085,
      0,
      0,
      0,
      0,
      0,
      3,
      0,
      0,
      0
    ],
    [
      6,
      0,
      0,
      8,
      0,
      0,
      0,
      0,
      0,
      0,
      0,
      0
    ],
    [
      7,
      0,
      0,
      0,
      2,
      0,
      0,
      0,
      0,
      0,
      0,
      0
    ],
    [
      4,
      0,
      0,
      0,
      1,
      0,
      0,
      0,
      0,
      0,
      0,
      0
    ],
    [
      1,
      0,
      0,
      0,
      0,
      0,
      48,
      0,
      0,
      0,
      0,
      0
    ],
    [
      1,
      0,
      0,
      0,
      0,
      0,
      0,
      32,
      0,
      0,
      0,
      0
    ],
    [
      0,
      0,
      0,
      0,
      0,
      0,
      0,
      0,
      1288,
      0,
      0,
      0
    ],
    [
      0,
      0,
      0,
      0,
      0,
      0,
      0,
      0,
      0,
      72,
      0,
      0
    ],
    [
      1,
      0,
      0,
      0,
      0,
      0,
      0,
      0,
      0,
      0,
      42,
      0
    ],
    [
      2,
      0,
      0,
      0,
      0,
      0,
      0,
      0,
      0,
      0,
      0,
      38
    ]
  ],
  "roc_auc": null,
  "accuracy": 0.9981321988170593,
  "total_samples": 19274
}